Statistic,P-Value
211.78717805123875,8.527154174575414e-44
